id,fecha,quien_lo_afirma,contenido,fuente_ref
H01,2026-01-31,Hipertextual,"Según el medio, los datos se pusieron a la venta en un foro de la web oscura y el presunto hackeo se hizo visible el sábado 31 de enero de 2026.",F03
H02,2026-02-02,"Hackmanac, empresa de ciberseguridad, según Infobae","Hackmanac alerta, a través de la red social X y de su página, de que un actor con el alias HaciendaSec afirma haber accedido a una base de datos del ministerio y la ofrece a la venta, con información de unos 47,3 millones de ciudadanos.",F01
H03,2026-02-02,"HaciendaSec, según Hackmanac","El actor afirma que la base incluye DNI y NIF, nombres completos, direcciones, teléfonos, correos electrónicos, datos bancarios (IBAN) e información fiscal.",F01
H04,2026-02-02,Infobae,"El medio señala que el mensaje se acompañó de una supuesta muestra de los datos como prueba, y que la cuenta desde la que se difundió se creó el mes anterior y tiene una única publicación.",F01
H05,2026-02-02,"Ministerio de Hacienda, fuentes del departamento","No existen indicios de que se haya producido una intrusión efectiva en sus sistemas, y los equipos técnicos continúan trabajando para verificarlo.",F01
H06,2026-02-02,"Hipertextual, citando a El Periódico","Según El Periódico, el ministerio comentó que estaba desplegando los procedimientos para determinar si sus sistemas habían sido realmente vulnerados. El medio indica que Hacienda no lo había confirmado ni desmentido.",F03
H07,2026-02-02,Infobae,"La misma noticia recoge que Hackmanac alertó también de una presunta brecha distinta en el Ministerio de Ciencia e Innovación, atribuida a otro usuario.",F01
H08,2026-02-03,"Ministerio de Hacienda, en texto de Europa Press","Tras las comprobaciones de las unidades de ciberseguridad de los distintos departamentos, el ministerio afirma no haber encontrado rastro de ningún ciberataque que haya provocado un robo de datos o un acceso no deseado a sus sistemas, y que seguirá monitorizando la situación.",F04
H09,2026-02-05,"Xunta de Galicia, portal de ciberseguridad","El portal recoge que no existen evidencias de que los sistemas de la Agencia Tributaria hayan sido vulnerados, y que las afirmaciones del actor se hicieron sin pruebas técnicas verificables y se difundieron con rapidez.",F05
H10,2026-02-05,"Xunta de Galicia, portal de ciberseguridad","El portal recomienda desconfiar de la información no confirmada, consultar los canales oficiales, verificar antes de compartir y estar atentos a fraudes y desinformación vinculados a supuestos ciberataques.",F05
H11,2026-02-05,UpGuard,"El sitio indica que se investiga si las afirmaciones de HaciendaSec son un engaño o si los datos proceden de otra fuente menos segura.",F06
H12,2026-02-02,Hipertextual,"El medio recuerda que en octubre de 2025 un grupo dijo haber robado 60 GB de datos de la Agencia Tributaria, y que en diciembre de 2024 se le atribuyó el presunto robo de más de 560 GB.",F03
H13,2026-02-02,Hipertextual,"El medio recomienda estar alerta a llamadas, mensajes o correos sospechosos para evitar la suplantación de identidad.",F03
